zone,pheno_year,SOS,EOS,LOS,peak_doy,peak_ndvi,baseline_ndvi,amplitude,integrated_NDVI,pre_sos_rain_mm,season_rain_mm,mean_LST_Day,mean_LST_Night,mean_DTR,mean_ET,mean_ET_stress,annual_GPP,annual_PsnNet,mean_NDWI,mean_NDMI,mean_EVI
Dry,2001,78,354,276,219,0.9034975119295612,0.6539130434782608,0.24958446845130033,284.03233945464785,661.6370047729306,12525.374661816051,32.23241783551207,21.269730866899618,10.917904354071569,22.011369863013698,0.6121497852262644,14784.499999999998,4700.55,-0.7118006353859275,0.24194618707318574,0.45315132314823187
Dry,2002,55,323,268,235,0.8968480783335243,0.6846483251782345,0.21219975315528983,286.11893886935997,623.0147512999363,10389.043063020807,30.931820318798987,21.190489779244718,9.771346521813648,22.606712328767124,0.6010908417628194,15047.25,5119.099999999999,-0.7169379353502787,0.2714845972797287,0.454555858807767
Dry,2003,71,362,291,243,0.8978628380011062,0.6367920426663227,0.2610707953347835,278.5772529081737,884.4544695022137,10623.711626742548,30.925407627610234,21.38531039743105,9.700803596080066,21.322328767123288,0.5620584430433713,14323.750000000002,4307.449999999999,-0.7049501981638523,0.24824033715510013,0.4484013517843983
Dry,2004,60,347,287,207,0.9238488199656059,0.6359649122807018,0.287883907684904,277.49499313345,900.947379513578,8857.745988770972,32.051994914882975,21.632643555615893,10.008765512663507,22.716438356164385,0.6068207433889993,14231.800000000003,5365.700000000001,-0.7000548895174677,0.25550325436246724,0.45335563310961124
Dry,2005,54,353,299,235,0.893107877248714,0.6374218429395117,0.25568603430920234,280.516245650545,908.5206981514807,6652.052986855584,30.939464843141845,21.033795614158834,10.061063634024357,23.354109589041094,0.5873044087563909,14984.150000000003,4818.624999999999,-0.7059380631655673,0.2444350053572431,0.4608454883223179
Dry,2006,78,362,284,224,0.8886061461776134,0.6396039603960395,0.24900218578157385,279.4302025347884,511.79665154160637,12468.978717511733,31.292910056223935,21.35546941660648,10.00447168089326,23.04465753424658,0.6254978973411166,15083.499999999998,6148.475,-0.7102870821895773,0.245897223505741,0.4463037733060666
Dry,2007,72,360,288,219,0.9330496465831847,0.6732719292874344,0.2597777172957503,285.77704934190217,708.370392793339,13867.837023482263,31.040250622375407,21.366925632486353,9.494157802514254,24.46260273972603,0.608524493043987,13758.6,5981.700000000001,-0.7189610214259706,0.24667513950640207,0.4514511810727217
Dry,2008,77,328,251,183,0.9165029392786121,0.665296052631579,0.25120688664703317,280.8007830005412,553.7537979934607,13260.375281032942,32.547806085259815,22.5032163761847,10.000516139915701,22.6627397260274,0.5817574257473701,14878.0,4412.799999999999,-0.7042674252361263,0.2444982801209545,0.45611790850133843
Dry,2009,86,363,277,235,0.8906075742884124,0.5338051618357744,0.356802412452638,265.43615410671583,409.0527117873104,8692.236405569274,31.493454108913802,21.364612988312217,10.25926017631322,21.162465753424662,0.5610568166165997,12393.699999999999,4319.150000000001,-0.6882481518542558,0.21795631680037875,0.4040848142131226
Dry,2010,71,365,294,243,0.8846899892594156,0.5706168831168832,0.31407310614253237,278.2409790168435,475.3606949173346,8821.479182292029,31.973067099420238,22.04729249340789,9.809199805225475,23.18794520547946,0.5812968964044953,13047.550000000001,5303.200000000001,-0.7031125243222396,0.2388267585249402,0.4590376389251472
Dry,2011,48,345,297,208,0.8967497322428681,0.6575602053885752,0.23918952685429296,289.85823505506596,734.6371844950397,8303.275410749004,30.612391156248187,21.709116600918133,8.913526492656446,25.811095890410957,0.6138647543023988,15585.25,5630.499999999999,-0.7245477920152643,0.2669776695043328,0.4634875104452496
Dry,2012,69,363,294,183,0.9342771055300958,0.620695346902558,0.3135817586275378,275.99898589251006,865.6873590697745,6990.729739278493,32.45687515784079,21.855805024214366,10.279764367162915,18.907123287671233,0.49539904158878095,11438.2,3014.3000000000006,-0.697653588755434,0.24193747798117368,0.43479596632130985
Dry,2013,63,361,298,208,0.9167494457675014,0.6076979237933937,0.3090515219741077,282.9935355319898,581.1971788781791,12390.315414576287,30.72375528652557,21.756945619911395,9.08956357484781,23.465753424657535,0.5728423961103237,14104.350000000002,6492.700000000001,-0.7118857739170181,0.23251140599996858,0.4597610710118686
Dry,2014,71,331,260,200,0.923703426459703,0.6964292304265423,0.2272741960331608,286.67966521900235,277.9802741408088,6009.838222922095,31.33494459456706,21.524448322022575,9.814695651840065,19.23684931506849,0.4701795843774777,12346.199999999999,532.4500000000007,-0.7238223303676865,0.2723333117583231,0.44508096644989975
Dry,2015,64,338,274,176,0.9085037180961155,0.6795304491966976,0.22897326889941794,290.8914864725315,1017.0529706830296,9911.126762813004,31.260134220090293,21.607123963886945,9.30852148725702,24.912602739726022,0.6010687442110456,14959.149999999998,4203.9,-0.7274741795193042,0.25799772233971086,0.47943628874404565
Dry,2016,92,344,252,194,0.9020210688293522,0.6515545255425181,0.25046654328683404,280.11445994736084,498.78727749656235,13658.557986360756,31.885128571901923,21.78994013700006,10.096105039935322,19.45945205479452,0.48324367344173835,12979.700000000003,3653.4000000000015,-0.7120622962537804,0.24225443295367197,0.43185570776456184
Dry,2017,71,352,281,195,0.9289306215156234,0.6245847176079735,0.30434590390764993,285.06207550626885,737.8757403578301,7960.021835417032,30.982259375032687,21.57460884150213,9.361245129780622,21.225068493150687,0.5049669278225827,12269.150000000001,2495.75,-0.7196084670273759,0.2628257799137233,0.4702956450885853
Dry,2018,62,362,300,99,0.9059776358299538,0.6570562307385149,0.2489214050914389,289.218533410311,1382.86795275207,12417.591876013277,31.3838547796,21.147018029602762,10.232960849185735,24.054246575342464,0.6081454258512528,14233.75,3644.400000000001,-0.7287745705418787,0.27762289175348726,0.4725962138380169
Dry,2019,63,354,291,200,0.9397111660099833,0.7083509961848242,0.23136016982515906,294.5373814779205,935.8504284132357,10842.106063370073,29.85167110469879,21.42713173205729,8.521523472439217,23.55315068493151,0.5703118739137455,13926.95,4783.300000000001,-0.7383503388654405,0.27418849915746957,0.4640314561308439
Dry,2020,69,365,296,207,0.9257673506929002,0.7483860746144587,0.17738127607844145,304.9851118088494,1446.1873577526326,10972.669770115106,29.832031146935243,21.171889171761457,8.653030077897148,27.862739726027403,0.6761103167077929,15516.400000000003,5523.1,-0.7595094559015364,0.27903302764629095,0.5124192452575216
Dry,2021,86,365,279,216,0.9176123042580232,0.6366344005956814,0.28097790366234177,283.6723865859462,2.4279587060517605,21290.159591996566,29.49235789939777,21.07643670001691,8.710740912567516,24.279178082191784,0.620272376508157,14853.099999999997,5697.999999999998,-0.7155033244077987,0.24507333230402978,0.5024233320011411
Dry,2022,83,365,282,208,0.9317193589466564,0.7172693109523398,0.21445004799431655,292.780308530845,747.6007858445419,18305.391357148656,30.720846737347774,23.36731506849317,6.187726027397266,28.332876712328773,0.6382011694584107,15304.450000000003,10840.5,-0.726262322188746,0.26916559631687414,0.5265708146481463
Dry,2023,46,355,309,88,0.8518638662455749,0.7161894081845093,0.1356744580610656,285.4994991715823,1184.3094029629183,13009.324432019372,30.788959694209872,23.212560867941026,8.278682794928425,14.509589041095891,0.3842652609332845,10206.1,-1518.3000000000002,-0.7229469174363162,0.2641814176988663,0.48860959596031034
Dry,2024,86,365,279,167,0.9384650977087597,0.7336747759282971,0.20479032178046264,300.1481579120735,1419.797068053616,12207.357597993161,27.721269704770425,21.106355161790134,6.419196222683816,23.375342465753423,0.6035571780497271,15383.0,5084.499999999999,-0.7443733328010976,0.2914511369061917,0.5077433910040724
Others,2001,55,354,299,219,0.9131450620045763,0.6497087378640778,0.26343632414049856,271.34730969728435,653.1024801414854,11568.214630716848,31.788879027777533,21.65830199081538,9.906682466649151,23.66958904109589,0.5803186455756684,14716.949999999999,4408.849999999999,-0.6783272455565038,0.243075217474847,0.42968243117205035
Others,2002,54,361,307,216,0.8852076315223233,0.6807940956517899,0.20441353587053335,281.5327828160919,603.816957699157,11320.877187502898,30.919309716303655,21.1448033037482,9.785066592469635,23.11287671232877,0.6166807201464302,16173.850000000002,5743.625000000002,-0.7026202298845465,0.27472123279980987,0.4569676950570921
Others,2003,70,363,293,200,0.9355132334851635,0.6057026476578411,0.32981058582732237,263.7893725151187,839.8722945658733,11764.319516454709,30.517122689255693,21.264052649955083,9.495458692243519,21.650684931506852,0.603338780503192,14496.900000000001,5688.950000000001,-0.6594829828981595,0.27112316561826955,0.42428905506758663
Others,2004,53,347,294,207,0.91359435566006,0.637570522120557,0.276023833539503,276.63117421325603,890.6994950184915,8624.53710497619,32.04317637412189,21.628131510031317,10.011091607941845,23.25027397260274,0.6202302541297394,15767.25,5881.0,-0.6915651625150125,0.2755368203093663,0.46095583954357555
Others,2005,54,353,299,128,0.864485271320371,0.6308305274510718,0.2336547438692992,279.0608869870394,876.7067999099444,6581.399285696897,30.969589753795578,21.04337593997872,10.052504411089178,23.516643835616442,0.5994538608976083,15645.800000000001,5517.049999999999,-0.6953952275746856,0.26155884039109767,0.4620506914957372
Others,2006,78,361,283,184,0.8791833077832085,0.6460176991150444,0.23316560866816416,275.25505222179436,542.6998511570816,12726.772523239382,30.778766549761816,21.474232731662248,9.352953122002663,24.35157534246575,0.6576118642813683,16570.4,7077.150000000001,-0.6944578005560429,0.261846165208375,0.45197124127867416
Others,2007,63,361,298,216,0.9161301780140774,0.648754394149055,0.26737578386502237,279.1825882368268,691.719395924237,13211.112019310338,31.041898372409744,21.212593582191552,9.68755732862193,24.820684931506854,0.6264970473528493,16499.0,7064.000000000001,-0.6953269760672544,0.2476876016095716,0.44982711618795446
Others,2008,38,331,293,234,0.8639353952583104,0.6475681162186853,0.21636727903962516,276.73227847723945,541.4285217696813,11970.501895059304,32.53694235044349,22.49489945255405,10.03248051552913,24.632328767123287,0.6267479382134822,16268.849999999999,5645.150000000001,-0.6894594542725889,0.25618576550831934,0.4691787360402237
Others,2009,85,365,280,192,0.865954754742374,0.5742268499735765,0.2917279047687975,265.5743180011866,392.872585948055,8722.74723969095,31.53956766969233,21.380308054902404,10.26417085399043,22.04054794520548,0.5857959647247254,13650.774999999998,4733.9,-0.6687544424686277,0.2455391816568311,0.43135260067997316
Others,2010,63,365,302,216,0.876246980816097,0.6179431686647501,0.2583038121513469,277.8184870243531,460.6686663546685,8715.268477671467,31.952259061130842,21.996106809322153,9.831449915077757,23.906438356164383,0.6046002021786516,15862.900000000001,6099.150000000001,-0.6921534635823885,0.2645637300340815,0.4642095710290312
Others,2011,48,360,312,208,0.8767302983976775,0.6393181627025888,0.23741213569508868,280.4910521611609,717.2453553564771,8241.732900645142,30.656041794138382,21.723671288139318,8.934078024698312,25.595479452054796,0.6274436923231697,16810.1,6770.950000000001,-0.7017701336633743,0.2695166602389336,0.455853853429244
Others,2012,61,365,304,231,0.8924987098859608,0.6465313231307307,0.2459673867552301,271.13311306811727,847.5681928602057,6702.496194107987,32.44847910147818,21.870419777003107,10.3610939096721,20.56958904109589,0.536008872157385,13962.3,3495.000000000001,-0.6775085567034183,0.2619135746188604,0.4538907891934891
Others,2013,63,361,298,208,0.9073137903138162,0.6274095319974322,0.279904258316384,281.3024147628936,579.3952312218054,12374.32229037247,30.73646990900504,21.687231724834383,9.119367231529223,23.456575342465758,0.5858634053632289,16493.15,7404.5999999999985,-0.7012430102629068,0.2477319785308401,0.46195973755928693
Others,2014,62,345,283,200,0.9241776008372593,0.6927246935217232,0.23145290731553614,283.6823969155589,294.3864297343596,5851.064314639854,31.354420227235916,21.498242098489413,9.867811425189867,20.036027397260277,0.49094866026945605,13365.250000000002,1361.3999999999996,-0.7076015354757234,0.2810508560183862,0.4511482607120769
Others,2015,63,360,297,232,0.8777987873733337,0.6564622991582107,0.22133648821512297,280.7384530201231,984.2705882143376,9971.24679078066,31.650207676655583,21.607276234010435,9.852634686130127,25.146027397260273,0.6210060501728886,16484.6,6030.1,-0.6980882196785835,0.2632704039569614,0.4673064095689207
Others,2016,69,344,275,231,0.8677468087995654,0.6753112049294094,0.192435603870156,279.40499473899087,493.8049841202069,13339.452348592571,31.932258866796236,21.77639189720019,10.156397320263617,22.069315068493154,0.5454370439432992,14299.4,3675.8999999999987,-0.6959593162824989,0.2653665646399603,0.44293009404603617
Others,2017,55,354,299,195,0.8863355208836174,0.6290612386533633,0.25727428223025417,281.38945592212684,699.0299567163877,7205.862592620229,31.03944106942321,21.65952427607234,9.417518184150456,22.90794520547945,0.5554758423686165,14258.3,3362.7500000000005,-0.7030097975459404,0.2825166993869855,0.47734128047984703
Others,2018,62,360,298,99,0.878872152071708,0.6538608978261942,0.22501125424551383,281.4152048043761,1347.2739629374446,12109.43665323808,31.43057076310544,21.140092917510124,10.326200941594077,24.778493150684934,0.6266109584959981,15423.650000000001,4905.85,-0.7041122542091967,0.2804741494482886,0.47223746094535907
Others,2019,55,365,310,224,0.8929285386184269,0.6734958014562249,0.21943273716220202,292.5385791466326,907.0772170825101,10822.09847863398,29.882364704928964,21.40777684496502,8.547801941412311,24.839041095890412,0.6107644694472084,15862.7,6081.249999999999,-0.7257884192560835,0.28681171060803196,0.4712635906884384
Others,2020,62,365,303,226,0.8924851865963312,0.7187856243952004,0.1736995622011308,297.4079510863472,1435.5764287808831,12638.251996845169,29.572517565380647,21.084064233654544,8.618301572232216,27.695616438356158,0.6916252802570225,18171.949999999997,7813.9,-0.746783015257124,0.2874779789300768,0.5066043542250825
Others,2021,62,365,303,216,0.8940951731319003,0.6238420604029916,0.27025311272890873,287.9732460246345,4.84939201098909,22495.755315041803,29.415207557383965,21.102722396194356,8.624934916415057,26.59328767123288,0.6747138353520806,17411.1,6378.200000000001,-0.7244427954946017,0.25862591716136796,0.47280467676969656
Others,2022,103,365,262,211,0.8895661056447492,0.7793103448275864,0.11025576081716282,304.09631703900266,798.3710706132618,18104.41494945195,30.70914891394973,23.268636631607446,6.148825477603806,28.155890410958907,0.6543449072433671,17491.6,11414.700000000003,-0.741855672973274,0.31493154544852364,0.5502062251424924
Others,2023,71,355,284,320,0.8398659919559769,0.6713244458830446,0.16854154607293226,274.15319934197373,1159.5690652027852,12666.01988702228,30.742092815878028,23.22106583227422,8.260647568141737,16.30520547945206,0.42587461445282215,11196.7,223.10000000000127,-0.6967891005626802,0.25567845444786935,0.46602495571664415
Others,2024,84,365,281,266,0.889421460920502,0.6919201789242831,0.19750128199621886,291.42913519248236,1428.0084892678924,12110.781338787616,27.695117384180428,21.11780137471127,6.403521082982749,23.822191780821917,0.6249523747164982,15837.900000000001,5425.999999999999,-0.7217411511432658,0.29796269267762565,0.5075133824324046
Wet,2001,47,361,314,216,0.8697170795708533,0.6560535884965888,0.21366349107426452,277.48631145834685,653.0283523615075,12189.45253171397,32.2895748985087,21.24269531416727,11.004083611787497,23.23301369863014,0.6351985566421415,15379.250000000002,5790.25,-0.6892221886063282,0.24518291428327854,0.4483096792617751
Wet,2002,53,361,308,216,0.883247335192992,0.6732169120049424,0.21003042318804965,281.48229677441924,589.102387890059,11257.991789005619,30.902623244395095,21.125009967099796,9.79979569807105,23.0127397260274,0.6126049897059542,16000.95,5649.450000000001,-0.7004797444128459,0.277584523851434,0.4555320113840565
Wet,2003,47,365,318,232,0.8696914420404378,0.6038272324121785,0.2658642096282593,272.50466881502854,813.7362646932679,11667.603093686163,30.49445230962458,21.21122438982012,9.529123353676553,22.48205479452055,0.6152969912381753,14879.000000000002,5496.175000000002,-0.6830170359133401,0.26807307242869033,0.45109946964461967
Wet,2004,46,347,301,207,0.9224733536943487,0.6433153794279628,0.2791579742663859,274.6081628594642,890.8342343355621,8631.57488863335,31.96960831724565,21.55570810872828,10.011735048246784,23.31150684931507,0.6195304104659711,15337.199999999997,5591.400000000001,-0.6865101424354566,0.27718335215907375,0.4581964737058656
Wet,2005,54,353,299,243,0.8632126364929942,0.6484509160768744,0.21476172041611974,274.9344800632961,861.3440486148469,6415.061004914655,30.913632471271512,20.963676886896195,10.054961512632904,23.754383561643838,0.6006705049722098,15242.55,5511.924999999999,-0.6863576153784243,0.2594077874503277,0.45637361459415826
Wet,2006,63,362,299,224,0.8596635768087224,0.6418136257092644,0.21784995109945804,273.3826686007794,545.2526934886881,12637.20640088651,30.69521859150808,21.42929227850119,9.319142969105947,24.181027397260277,0.6511068549247601,16408.7,6943.100000000001,-0.6894524582589706,0.2625953619280408,0.44875293652229276
Wet,2007,63,362,299,216,0.884588646439285,0.6503876145377402,0.23420103190154484,276.32558272676687,688.5899626784629,13243.070818582479,30.996829940330286,21.154280132818908,9.7172328919102,24.792397260273972,0.6266301750590936,16198.449999999999,6791.55,-0.6901250316980748,0.2521401479204594,0.4496966755688646
Wet,2008,38,330,292,183,0.9247472734736182,0.6459567118335819,0.27879056164003624,277.067726574397,539.3995801005519,12728.19808154524,32.558812882874356,22.428382978960233,10.100741650945409,24.17753424657534,0.6249113476469953,15940.4,5258.599999999999,-0.688441640298289,0.2608046533245011,0.475905664430736
Wet,2009,80,365,285,192,0.8552535779153965,0.5772997404750823,0.2779538374403142,263.2556163487732,389.13923135172445,8509.225135841512,31.47991510555188,21.352566815117328,10.270331295473413,21.546575342465754,0.5770140848250087,14231.724999999999,4702.950000000001,-0.6685527821978557,0.24258179201456168,0.4157563197213441
Wet,2010,62,365,303,160,0.8625925562801597,0.615545475960674,0.24704708031948575,275.9086180516361,455.79186353870807,8715.365453094713,31.90831103366922,21.938641078573855,9.862330228207338,23.906301369863012,0.6029209828546573,15941.75,5714.175000000001,-0.6881909497116898,0.2705954987434886,0.4613985861318448
Wet,2011,47,361,314,208,0.872434945743789,0.6498235722329959,0.22261137351079308,278.7525329054961,708.5790788306698,8235.704125339433,30.611943638902385,21.672356606603977,8.943529404788434,25.516027397260274,0.6255871847431891,16645.600000000002,6716.125000000001,-0.698435683385162,0.27049955088867284,0.45559731226453254
Wet,2012,55,365,310,231,0.8981669325450258,0.653219809908373,0.24494712263665275,267.5728362375076,836.1543025983558,5674.213861231658,32.72247740093832,21.893548146815125,10.635797850937076,19.38739726027397,0.5165111475881551,13171.949999999999,2970.5499999999993,-0.669992610811698,0.26429002226712284,0.4440436559116087
Wet,2013,61,362,301,208,0.880904313003142,0.6278084954744857,0.2530958175286563,279.9869583222172,579.7798183613088,12235.268861057606,30.681504129361215,21.651294097338866,9.109825961698979,24.082465753424657,0.599257599820786,16955.75,7468.7249999999985,-0.6986858578285754,0.2549267384654374,0.46333180741253305
Wet,2014,61,344,283,232,0.8735595174503934,0.6992671467973555,0.17429237065303793,281.87188165537617,305.15700821421876,5810.371586782248,31.313321883317826,21.407143225479267,9.899640763177736,19.796575342465754,0.4865564402643704,13208.1,1224.5500000000006,-0.7023463101254582,0.2859684754454177,0.4472670836601639
Wet,2015,63,361,298,232,0.877571899052586,0.658638421780869,0.21893347727171708,281.36340612914944,973.7062561794858,9823.732030420426,31.619440789063102,21.546377014590703,9.882659836679771,25.377671232876718,0.6262767066363111,16489.800000000003,5842.1,-0.6992701487682619,0.2699219654915593,0.4690738045194057
Wet,2016,69,338,269,194,0.8703796220655077,0.6804310640908204,0.18994855797468724,277.2404227157232,493.9357373139817,13251.164951901372,31.912801556417257,21.760998781690645,10.167109998073517,21.53561643835617,0.5319784841203626,14232.3,3754.3,-0.6920626019932937,0.2647290061581369,0.4405976623498256
Wet,2017,53,354,301,235,0.8784311945321216,0.6460987363630709,0.23233245816905068,281.02250911430906,689.9635794023682,7124.904949185324,31.00058111117463,21.613656264178942,9.432857889991613,22.512328767123286,0.5444924400549227,14151.174999999997,3355.9500000000007,-0.7008407888317999,0.2860138519959531,0.47896385188215207
Wet,2018,48,362,314,219,0.8743442946478973,0.646438206349435,0.22790608829846226,279.6744164492562,1339.8872187659863,12045.221353629677,31.366094262619818,21.10828831789856,10.310257584709849,24.751369863013704,0.626429917509493,15421.150000000001,4715.1500000000015,-0.6985895942630781,0.2834710834118827,0.4765334170263553
Wet,2019,53,365,312,224,0.8856361464583337,0.6818038585210866,0.20383228793724706,291.5908665888922,886.3376806313476,10806.331326937598,29.82611027323912,21.370416663995933,8.545977520433313,24.891575342465753,0.6063910150020064,15267.350000000004,5740.225,-0.7229777183962478,0.29115343357106416,0.4709704482112555
Wet,2020,1,365,364,183,0.8721022351142176,0.7199706744868035,0.15213156062741406,295.91882189967896,1428.3552834229608,12520.602864651943,29.55397412794353,21.034386123292975,8.643752118353412,27.38849315068493,0.6845038634632535,17824.95,7559.250000000001,-0.7346122747599142,0.29024581747115613,0.502782268780025
Wet,2021,61,365,304,216,0.8696056690658585,0.6352706133517974,0.2343350557140611,281.5265733344744,6.115816345926123,22644.532802710324,29.40062273599881,21.13133388322872,8.604211707894272,26.64260273972603,0.678233453666341,17363.6,6077.5999999999985,-0.7098692142591022,0.2539437214290882,0.47648943546398187
Wet,2022,104,365,261,224,0.8846893354280926,0.7941097000810591,0.0905796353470335,305.52489872872354,788.0202323646554,18117.860579202308,30.703425714452592,23.238063392227435,6.104939367168995,28.15945205479452,0.6554994304219968,16862.800000000003,10923.6,-0.744245866674263,0.32151451252012836,0.5226091640659457
Wet,2023,70,365,295,320,0.826724561374303,0.6942936783732581,0.13243088300104489,277.98406267102496,1167.2694419681056,12620.817722262418,30.648021796628527,23.224561327701597,8.231445713658928,17.170958904109593,0.4412693077594165,11306.45,-407.3000000000002,-0.6966695486422407,0.2681495484772504,0.4743863075967941
Wet,2024,84,365,281,266,0.9034844492732863,0.7039265236866019,0.1995579255866844,293.57399613412315,1439.0430456406584,11883.101739409489,27.662110286145094,21.11665763817746,6.399995737238445,24.355342465753427,0.6396749083864296,16198.999999999996,5455.800000000002,-0.7219087237773792,0.30458868309899356,0.5058070186627495
