date,NDVI,LST_Day_C,LST_Night_C,LST_DTR,rainfall_mm_8day,ET_mm8day,PET_mm8day,ET_stress,month,doy,NDVI_lag1,NDVI_lag2,NDVI_pred_real,NDVI_pred_extreme
2016-01-01,0.7874525867450203,25.44039650943858,15.758328493681411,9.68206801575717,0.06803584688794831,15.670575079872204,30.18632587859425,0.5287555396865752,1,1,0.8240139042605633,0.8141437969598792,0.8149360268623553,0.8108405073279246
2016-01-09,0.7767910672649935,26.293500339126872,14.507310782262012,11.786189556864864,0.07174644303797667,18.33593984962406,32.86959398496241,0.5647988490204933,1,9,0.7874525867450203,0.8240139042605633,0.7724282616352783,0.7761205108286726
2016-01-17,0.7722177532982072,25.286075597548464,13.779433332368814,11.506642265179648,2.0848354252821064,18.596660649819494,31.369434416365824,0.5959142784363478,1,17,0.7767910672649935,0.7874525867450203,0.7655363042392883,0.7678591869221576
2016-01-25,0.7599192456622348,28.809810020302656,16.75777346892553,12.052036551377123,3.7143388793263803,21.12514337458497,34.878599456685784,0.6101874747039313,1,25,0.7722177532982072,0.7767910672649935,0.7587313039142956,0.7589786151283356
2016-02-02,0.718850672058265,28.787724270778405,18.40215512868531,10.385569142093097,0.8294154289401399,20.88963963963964,35.41129129129129,0.5933418610413436,2,33,0.7599192456622348,0.7722177532982072,0.7462854064809027,0.7471928189707719
2016-02-10,0.7129490419464825,31.462637605730283,20.417503817411976,11.045133788318307,0.6219843155917298,21.859059598682244,38.346570829589695,0.574486807383982,2,41,0.718850672058265,0.7599192456622348,0.7009585098362529,0.7030405083329643
2016-02-26,0.6584552701164971,31.328283212222264,21.380064862748736,9.948218349473528,27.043081606736088,18.85389984825493,41.76610015174507,0.45901067997235856,2,57,0.7129490419464825,0.718850672058265,0.6959194279163079,0.6996147904238186
2016-03-05,0.6718910019637246,32.61250659204918,22.498040977307653,10.114465614741528,1.4478872837892434,11.759089547768793,45.47103923330339,0.2666567821447033,3,65,0.6584552701164971,0.7129490419464825,0.6547080115194986,0.6580186379757895
2016-03-13,0.6879073729133632,35.107664264322146,22.821564168912943,12.286100095409205,8.406523843498654,19.355901737567407,48.18930497303774,0.40910798930830305,3,73,0.6718910019637246,0.6584552701164971,0.6637305562891774,0.6655484426339862
2016-03-21,0.6832481957543496,35.138758466625816,23.115562745490635,12.02319572113518,0.18718930800827838,11.224026363091673,53.20748951467945,0.21467990354724037,3,81,0.6879073729133632,0.6718910019637246,0.6834192722514322,0.6824647698803564
2016-03-29,0.6842640349955601,36.697379550054045,23.404128374234443,13.293251175819607,30.88964876612538,10.126564839772387,56.53611859838275,0.1831994320921221,3,89,0.6832481957543496,0.6879073729133632,0.6809787189834544,0.6806439675681242
2016-04-06,0.7048624106917941,40.163589078834846,26.059136476834276,14.104452602000576,0.5163009068649047,1.3307623049219688,58.924549819927975,0.023267729276162788,4,97,0.6842640349955601,0.6832481957543496,0.6862850059196735,0.6861232941657586
2016-04-14,0.6707219075746942,41.416252473076696,26.35582441848862,15.060428054588074,7.842176359730709,1.1339622641509435,60.94333632824199,0.01923638900422043,4,105,0.7048624106917941,0.6842640349955601,0.7040577508262796,0.7043685408551457
2016-04-22,0.6643322423054018,41.485346208101184,26.806504439347663,14.678841768753523,11.602591905169266,2.8481281820904463,61.13812518718179,0.04845639148820612,4,113,0.6707219075746942,0.7048624106917941,0.6858862017010433,0.6848793501413158
2016-04-30,0.674268655651875,39.755417923710496,24.512625791421378,15.242792132289116,9.53253470194908,3.6321353698712193,62.03333333333334,0.06056457659575562,4,121,0.6643322423054018,0.6707219075746942,0.6831074392915066,0.6821847466936636
2016-05-08,0.7392083551282203,37.285295564884336,24.95160650533258,12.338182382955992,38.70274778072377,13.28236889692586,57.92793851717902,0.2330965683932509,5,129,0.674268655651875,0.6643322423054018,0.6897624425404316,0.6896638553843008
2016-05-16,0.6722886165570195,32.687295470254575,24.329043106869833,8.360113209786455,72.625273313473,20.736606498194945,60.03429602888087,0.3509004945580432,5,137,0.7392083551282203,0.674268655651875,0.7503646958925126,0.7497506033450536
2016-05-24,0.701449872358702,32.61917178344968,25.228747084044,7.39042469940568,22.5278805755426,5.620052770448549,58.47816622691293,0.09784090033713222,5,145,0.6722886165570195,0.7392083551282203,0.6857374307778179,0.6849333992395509
2016-06-01,0.7565284294615796,33.06082037042338,25.00077916530208,8.061176520981785,31.99756979630017,25.24706774519717,50.004600606673414,0.508690724428646,6,153,0.701449872358702,0.6722886165570195,0.7119198319334354,0.7122467821680396
2016-06-09,0.7664269047447029,35.25687279674795,25.429338724886797,9.443815620263326,88.82236228359272,19.203129513721716,40.062012518054885,0.48483900163058374,6,161,0.7565284294615796,0.701449872358702,0.7766324345266472,0.7769122608203372
2016-08-20,0.8346922688070133,30.410037423571488,25.67219540732579,5.117954287966956,116.50123824431306,38.48801498127341,49.91722846441947,0.766893316272016,8,233,0.7664269047447029,0.7565284294615796,0.7852005442348378,0.7850718892126629
2016-08-28,0.8438219285696004,30.553412001073312,25.13413991054796,5.415872927517037,133.38419129352235,33.014754098360655,43.368852459016395,0.7554163588659226,8,241,0.8346922688070133,0.7664269047447029,0.8446981330513278,0.8436530451035288
2016-09-13,0.7573368853606923,29.883753488543345,24.524532121042423,7.067374364270617,41.653152016629804,34.42490118577075,47.16482213438736,0.7264315131694636,9,257,0.8438219285696004,0.8346922688070133,0.8447774213304263,0.8439605113050977
2016-09-29,0.8352484859188161,28.85447800293073,24.006437709898616,4.848040293032117,39.08742890059956,35.10401396160559,44.93630017452007,0.7749093376190035,9,273,0.7573368853606923,0.8438219285696004,0.7884979518307984,0.7874754153846018
2016-10-07,0.8410990427943164,27.012427013573685,19.54206016433487,7.991826430525238,35.39454222401088,31.2461320754717,43.79575471698113,0.7097639518072414,10,281,0.8352484859188161,0.7573368853606923,0.8444950644643263,0.844034969994944
2016-10-15,0.8595043250530765,28.80137919579707,22.427132284098807,6.374246911698264,0.008241123037589284,31.497907949790793,48.27158030254265,0.6532259023457949,10,289,0.8410990427943164,0.8352484859188161,0.8425086148172258,0.8425100230462561
2016-10-23,0.8556034583765141,27.667502003130394,20.928999465216254,6.73850253791414,20.484817456260284,30.254576910978297,41.10638565586663,0.7349329227859307,10,297,0.8595043250530765,0.8410990427943164,0.8568733539233295,0.8559092405802889
2016-10-31,0.8558882576694792,28.33507672319524,20.54019618961752,7.794880533577716,30.68514782113045,27.63788798920378,37.45698380566802,0.7363510517440455,10,305,0.8556034583765141,0.8595043250530765,0.8525653488030268,0.8524921409086752
2016-11-08,0.8346060496624136,27.309352866930965,17.79883828880591,9.510514578125056,0.012886126409667242,23.76896024464832,33.28847094801223,0.7147396917190488,11,313,0.8558882576694792,0.8556034583765141,0.8519941167220236,0.852443881801397
2016-11-16,0.8375668562682693,26.836372680446583,15.737764773272641,11.098607907173943,0.016884231301170387,20.199294532627867,34.36077601410935,0.5925000646846486,11,321,0.8346060496624136,0.8558882576694792,0.8299685557607145,0.8294749022007735
2016-11-24,0.8089042927426606,26.876769977481135,15.714824401385599,11.161945576095535,0.6685461410436373,21.76170278637771,31.515510835913314,0.6920192293295806,11,329,0.8375668562682693,0.8346060496624136,0.8302190170370733,0.8298892039870482
2016-12-02,0.822483042019312,26.280296501567445,16.166745802716413,10.113550698851032,0.2739151983096555,21.103441682600383,32.18218610579987,0.657523748964401,12,337,0.8089042927426606,0.8375668562682693,0.803850719232735,0.8044449684670104
2016-12-10,0.8175181750259997,25.910289195352664,13.245611425121112,12.66467777023155,0.2212221841226538,20.491636690647482,31.850149880095923,0.646135506528438,12,345,0.822483042019312,0.8089042927426606,0.8103152286434705,0.8074966971547671
2016-12-18,0.793608324441628,25.538821907695873,14.404898078897094,11.13392382879878,0.007455620153508248,18.493235117257967,29.588695129284424,0.6299370334367591,12,353,0.8175181750259997,0.822483042019312,0.8098051107799171,0.8073777269227493
2016-12-26,0.7571133356546802,26.296413003175427,15.555742242132627,10.770067110684131,0.1868768601954958,16.984433113377325,25.389262147570488,0.6821323862892664,12,361,0.793608324441628,0.8175181750259997,0.7870510571552122,0.7915118445401033
